"entity_id","owner_id","type","pid","shared_cost","repair_cost","water_level","temperature"
"house-1","owner-house-1","house","10000","0","500","0","-9.937699396628886"
"heater-1","settlement","heater","20000","0","0","",""
"kettle-1","settlement","kettle","20001","0","0","",""
"civilian-1","settlement","civilian","30000","0","0","",""
"house-2","owner-house-2","house","10001","0","500","0","-9.764583591837436"
"heater-2","settlement","heater","20002","0","0","",""
"kettle-2","settlement","kettle","20003","0","0","",""
"civilian-2","settlement","civilian","30001","0","0","",""
"house-3","owner-house-3","house","10002","0","500","0","-9.907067507272586"
"heater-3","settlement","heater","20004","0","0","",""
"kettle-3","settlement","kettle","20005","0","0","",""
"civilian-3","settlement","civilian","30002","0","0","",""
"house-4","owner-house-4","house","10003","0","500","0","-10"
"heater-4","settlement","heater","20006","0","0","",""
"kettle-4","settlement","kettle","20007","0","0","",""
"civilian-4","settlement","civilian","30003","0","0","",""
"house-5","owner-house-5","house","10004","0","500","0","-9.34874863224104"
"heater-5","settlement","heater","20008","0","0","",""
"kettle-5","settlement","kettle","20009","0","0","",""
"civilian-5","settlement","civilian","30004","0","0","",""
"house-6","owner-house-6","house","10005","0","500","0","-10"
"heater-6","settlement","heater","20010","0","0","",""
"kettle-6","settlement","kettle","20011","0","0","",""
"civilian-6","settlement","civilian","30005","0","0","",""
"house-7","owner-house-7","house","10006","0","500","0","-9.706175555475056"
"heater-7","settlement","heater","20012","0","0","",""
"kettle-7","settlement","kettle","20013","0","0","",""
"civilian-7","settlement","civilian","30006","0","0","",""
"house-8","owner-house-8","house","10007","0","500","0","-9.968882768182084"
"heater-8","settlement","heater","20014","0","0","",""
"kettle-8","settlement","kettle","20015","0","0","",""
"civilian-8","settlement","civilian","30007","0","0","",""
"house-9","owner-house-9","house","10008","0","500","0","-9.58601877419278"
"heater-9","settlement","heater","20016","0","0","",""
"kettle-9","settlement","kettle","20017","0","0","",""
"civilian-9","settlement","civilian","30008","0","0","",""
"house-10","owner-house-10","house","10009","0","500","0","-9.48949196212925"
"heater-10","settlement","heater","20018","0","0","",""
"kettle-10","settlement","kettle","20019","0","0","",""
"civilian-10","settlement","civilian","30009","0","0","",""
"house-11","owner-house-11","house","10010","0","500","0","-9.435248596593738"
"heater-11","settlement","heater","20020","0","0","",""
"kettle-11","settlement","kettle","20021","0","0","",""
"civilian-11","settlement","civilian","30010","0","0","",""
"house-12","owner-house-12","house","10011","0","500","0","-9.552806346444413"
"heater-12","settlement","heater","20022","0","0","",""
"kettle-12","settlement","kettle","20023","0","0","",""
"civilian-12","settlement","civilian","30011","0","0","",""
"house-13","owner-house-13","house","10012","0","500","0","-9.37048305477947"
"heater-13","settlement","heater","20024","0","0","",""
"kettle-13","settlement","kettle","20025","0","0","",""
"civilian-13","settlement","civilian","30012","0","0","",""
"house-14","owner-house-14","house","10013","0","500","0","-9.656732019269839"
"heater-14","settlement","heater","20026","0","0","",""
"kettle-14","settlement","kettle","20027","0","0","",""
"civilian-14","settlement","civilian","30013","0","0","",""
"house-15","owner-house-15","house","10014","0","500","0","-9.801170173333958"
"heater-15","settlement","heater","20028","0","0","",""
"kettle-15","settlement","kettle","20029","0","0","",""
"civilian-15","settlement","civilian","30014","0","0","",""
"house-16","owner-house-16","house","10015","0","500","0","-9.68489594035782"
"heater-16","settlement","heater","20030","0","0","",""
"kettle-16","settlement","kettle","20031","0","0","",""
"civilian-16","settlement","civilian","30015","0","0","",""
"house-17","owner-house-17","house","10016","0","500","0","-10"
"heater-17","settlement","heater","20032","0","0","",""
"kettle-17","settlement","kettle","20033","0","0","",""
"civilian-17","settlement","civilian","30016","0","0","",""
"house-18","owner-house-18","house","10017","0","500","0","-9.70296327804681"
"heater-18","settlement","heater","20034","0","0","",""
"kettle-18","settlement","kettle","20035","0","0","",""
"civilian-18","settlement","civilian","30017","0","0","",""
"house-19","owner-house-19","house","10018","0","500","0","-9.508226934820414"
"heater-19","settlement","heater","20036","0","0","",""
"kettle-19","settlement","kettle","20037","0","0","",""
"civilian-19","settlement","civilian","30018","0","0","",""
"house-20","owner-house-20","house","10019","0","500","0","-9.33582614432089"
"heater-20","settlement","heater","20038","0","0","",""
"kettle-20","settlement","kettle","20039","0","0","",""
"civilian-20","settlement","civilian","30019","0","0","",""
"house-21","owner-house-21","house","10020","0","500","0","-10"
"heater-21","settlement","heater","20040","0","0","",""
"kettle-21","settlement","kettle","20041","0","0","",""
"civilian-21","settlement","civilian","30020","0","0","",""
"house-22","owner-house-22","house","10021","0","500","0","-10"
"heater-22","settlement","heater","20042","0","0","",""
"kettle-22","settlement","kettle","20043","0","0","",""
"civilian-22","settlement","civilian","30021","0","0","",""
"house-23","owner-house-23","house","10022","0","500","0","-9.705276601947844"
"heater-23","settlement","heater","20044","0","0","",""
"kettle-23","settlement","kettle","20045","0","0","",""
"civilian-23","settlement","civilian","30022","0","0","",""
"house-24","owner-house-24","house","10023","0","500","0","-9.500151203828864"
"heater-24","settlement","heater","20046","0","0","",""
"kettle-24","settlement","kettle","20047","0","0","",""
"civilian-24","settlement","civilian","30023","0","0","",""
"house-25","owner-house-25","house","10024","0","500","0","-9.851643688045442"
"heater-25","settlement","heater","20048","0","0","",""
"kettle-25","settlement","kettle","20049","0","0","",""
"civilian-25","settlement","civilian","30024","0","0","",""
"house-26","owner-house-26","house","10025","0","500","0","-9.593893133685924"
"heater-26","settlement","heater","20050","0","0","",""
"kettle-26","settlement","kettle","20051","0","0","",""
"civilian-26","settlement","civilian","30025","0","0","",""
"house-27","owner-house-27","house","10026","0","500","0","-10"
"heater-27","settlement","heater","20052","0","0","",""
"kettle-27","settlement","kettle","20053","0","0","",""
"civilian-27","settlement","civilian","30026","0","0","",""
"house-28","owner-house-28","house","10027","0","500","0","-9.788181338110007"
"heater-28","settlement","heater","20054","0","0","",""
"kettle-28","settlement","kettle","20055","0","0","",""
"civilian-28","settlement","civilian","30027","0","0","",""
"house-29","owner-house-29","house","10028","0","500","0","-9.316181948408484"
"heater-29","settlement","heater","20056","0","0","",""
"kettle-29","settlement","kettle","20057","0","0","",""
"civilian-29","settlement","civilian","30028","0","0","",""
"house-30","owner-house-30","house","10029","0","500","0","-10"
"heater-30","settlement","heater","20058","0","0","",""
"kettle-30","settlement","kettle","20059","0","0","",""
"civilian-30","settlement","civilian","30029","0","0","",""
"house-31","owner-house-31","house","10030","0","500","0","-9.514419242041185"
"heater-31","settlement","heater","20060","0","0","",""
"kettle-31","settlement","kettle","20061","0","0","",""
"civilian-31","settlement","civilian","30030","0","0","",""
"house-32","owner-house-32","house","10031","0","500","0","-9.836164512555115"
"heater-32","settlement","heater","20062","0","0","",""
"kettle-32","settlement","kettle","20063","0","0","",""
"civilian-32","settlement","civilian","30031","0","0","",""
"house-33","owner-house-33","house","10032","0","500","0","-9.765063273720443"
"heater-33","settlement","heater","20064","0","0","",""
"kettle-33","settlement","kettle","20065","0","0","",""
"civilian-33","settlement","civilian","30032","0","0","",""
"house-34","owner-house-34","house","10033","0","500","0","-8.93514070881065"
"heater-34","settlement","heater","20066","0","0","",""
"kettle-34","settlement","kettle","20067","0","0","",""
"civilian-34","settlement","civilian","30033","0","0","",""
"house-35","owner-house-35","house","10034","0","500","0","-9.602374576032162"
"heater-35","settlement","heater","20068","0","0","",""
"kettle-35","settlement","kettle","20069","0","0","",""
"civilian-35","settlement","civilian","30034","0","0","",""
"house-36","owner-house-36","house","10035","0","500","0","-9.59544006024953"
"heater-36","settlement","heater","20070","0","0","",""
"kettle-36","settlement","kettle","20071","0","0","",""
"civilian-36","settlement","civilian","30035","0","0","",""
"house-37","owner-house-37","house","10036","0","500","0","-10"
"heater-37","settlement","heater","20072","0","0","",""
"kettle-37","settlement","kettle","20073","0","0","",""
"civilian-37","settlement","civilian","30036","0","0","",""
"house-38","owner-house-38","house","10037","0","500","0","-10"
"heater-38","settlement","heater","20074","0","0","",""
"kettle-38","settlement","kettle","20075","0","0","",""
"civilian-38","settlement","civilian","30037","0","0","",""
"house-39","owner-house-39","house","10038","0","500","0","-9.990716383093968"
"heater-39","settlement","heater","20076","0","0","",""
"kettle-39","settlement","kettle","20077","0","0","",""
"civilian-39","settlement","civilian","30038","0","0","",""
"house-40","owner-house-40","house","10039","0","500","0","-9.232650371501222"
"heater-40","settlement","heater","20078","0","0","",""
"kettle-40","settlement","kettle","20079","0","0","",""
"civilian-40","settlement","civilian","30039","0","0","",""
"house-41","owner-house-41","house","10040","0","500","0","-9.883878180291504"
"heater-41","settlement","heater","20080","0","0","",""
"kettle-41","settlement","kettle","20081","0","0","",""
"civilian-41","settlement","civilian","30040","0","0","",""
"house-42","owner-house-42","house","10041","0","500","0","-9.843707660562359"
"heater-42","settlement","heater","20082","0","0","",""
"kettle-42","settlement","kettle","20083","0","0","",""
"civilian-42","settlement","civilian","30041","0","0","",""
"house-43","owner-house-43","house","10042","0","500","0","-9.588833244517446"
"heater-43","settlement","heater","20084","0","0","",""
"kettle-43","settlement","kettle","20085","0","0","",""
"civilian-43","settlement","civilian","30042","0","0","",""
"house-44","owner-house-44","house","10043","0","500","0","-9.989946026122198"
"heater-44","settlement","heater","20086","0","0","",""
"kettle-44","settlement","kettle","20087","0","0","",""
"civilian-44","settlement","civilian","30043","0","0","",""
"house-45","owner-house-45","house","10044","0","500","0","-9.919162619393319"
"heater-45","settlement","heater","20088","0","0","",""
"kettle-45","settlement","kettle","20089","0","0","",""
"civilian-45","settlement","civilian","30044","0","0","",""
"house-46","owner-house-46","house","10045","0","500","0","-8.90139461774379"
"heater-46","settlement","heater","20090","0","0","",""
"kettle-46","settlement","kettle","20091","0","0","",""
"civilian-46","settlement","civilian","30045","0","0","",""
"house-47","owner-house-47","house","10046","0","500","0","-9.628264482365921"
"heater-47","settlement","heater","20092","0","0","",""
"kettle-47","settlement","kettle","20093","0","0","",""
"civilian-47","settlement","civilian","30046","0","0","",""
"house-48","owner-house-48","house","10047","0","500","0","-9.033954225247726"
"heater-48","settlement","heater","20094","0","0","",""
"kettle-48","settlement","kettle","20095","0","0","",""
"civilian-48","settlement","civilian","30047","0","0","",""
"house-49","owner-house-49","house","10048","0","500","0","-9.185459598433226"
"heater-49","settlement","heater","20096","0","0","",""
"kettle-49","settlement","kettle","20097","0","0","",""
"civilian-49","settlement","civilian","30048","0","0","",""
"house-50","owner-house-50","house","10049","0","500","0","-10"
"heater-50","settlement","heater","20098","0","0","",""
"kettle-50","settlement","kettle","20099","0","0","",""
"civilian-50","settlement","civilian","30049","0","0","",""
"house-51","owner-house-51","house","10050","0","500","0","-9.798607092350721"
"heater-51","settlement","heater","20100","0","0","",""
"kettle-51","settlement","kettle","20101","0","0","",""
"civilian-51","settlement","civilian","30050","0","0","",""
"house-52","owner-house-52","house","10051","0","500","0","-9.503869819105603"
"heater-52","settlement","heater","20102","0","0","",""
"kettle-52","settlement","kettle","20103","0","0","",""
"civilian-52","settlement","civilian","30051","0","0","",""
"house-53","owner-house-53","house","10052","0","500","0","-9.31213626684621"
"heater-53","settlement","heater","20104","0","0","",""
"kettle-53","settlement","kettle","20105","0","0","",""
"civilian-53","settlement","civilian","30052","0","0","",""
"house-54","owner-house-54","house","10053","0","500","0","-9.846622189390473"
"heater-54","settlement","heater","20106","0","0","",""
"kettle-54","settlement","kettle","20107","0","0","",""
"civilian-54","settlement","civilian","30053","0","0","",""
"house-55","owner-house-55","house","10054","0","500","0","-9.663038515485823"
"heater-55","settlement","heater","20108","0","0","",""
"kettle-55","settlement","kettle","20109","0","0","",""
"civilian-55","settlement","civilian","30054","0","0","",""
"house-56","owner-house-56","house","10055","0","500","0","-9.330903902184218"
"heater-56","settlement","heater","20110","0","0","",""
"kettle-56","settlement","kettle","20111","0","0","",""
"civilian-56","settlement","civilian","30055","0","0","",""
"house-57","owner-house-57","house","10056","0","500","0","-9.755918882321566"
"heater-57","settlement","heater","20112","0","0","",""
"kettle-57","settlement","kettle","20113","0","0","",""
"civilian-57","settlement","civilian","30056","0","0","",""
"house-58","owner-house-58","house","10057","0","500","0","-10"
"heater-58","settlement","heater","20114","0","0","",""
"kettle-58","settlement","kettle","20115","0","0","",""
"civilian-58","settlement","civilian","30057","0","0","",""
"house-59","owner-house-59","house","10058","0","500","0","-9.493012418970466"
"heater-59","settlement","heater","20116","0","0","",""
"kettle-59","settlement","kettle","20117","0","0","",""
"civilian-59","settlement","civilian","30058","0","0","",""
"house-60","owner-house-60","house","10059","0","500","0","-9.683796176221222"
"heater-60","settlement","heater","20118","0","0","",""
"kettle-60","settlement","kettle","20119","0","0","",""
"civilian-60","settlement","civilian","30059","0","0","",""
"house-61","owner-house-61","house","10060","0","500","0","-9.04773726919666"
"heater-61","settlement","heater","20120","0","0","",""
"kettle-61","settlement","kettle","20121","0","0","",""
"civilian-61","settlement","civilian","30060","0","0","",""
"house-62","owner-house-62","house","10061","0","500","0","-9.827238229336217"
"heater-62","settlement","heater","20122","0","0","",""
"kettle-62","settlement","kettle","20123","0","0","",""
"civilian-62","settlement","civilian","30061","0","0","",""
"house-63","owner-house-63","house","10062","0","500","0","-9.590597151778638"
"heater-63","settlement","heater","20124","0","0","",""
"kettle-63","settlement","kettle","20125","0","0","",""
"civilian-63","settlement","civilian","30062","0","0","",""
"house-64","owner-house-64","house","10063","0","500","0","-9.809437166084535"
"heater-64","settlement","heater","20126","0","0","",""
"kettle-64","settlement","kettle","20127","0","0","",""
"civilian-64","settlement","civilian","30063","0","0","",""
"house-65","owner-house-65","house","10064","0","500","0","-9.633919297717512"
"heater-65","settlement","heater","20128","0","0","",""
"kettle-65","settlement","kettle","20129","0","0","",""
"civilian-65","settlement","civilian","30064","0","0","",""
"house-66","owner-house-66","house","10065","0","500","0","-9.897007459192537"
"heater-66","settlement","heater","20130","0","0","",""
"kettle-66","settlement","kettle","20131","0","0","",""
"civilian-66","settlement","civilian","30065","0","0","",""
"house-67","owner-house-67","house","10066","0","500","0","-9.969937570160255"
"heater-67","settlement","heater","20132","0","0","",""
"kettle-67","settlement","kettle","20133","0","0","",""
"civilian-67","settlement","civilian","30066","0","0","",""
"house-68","owner-house-68","house","10067","0","500","0","-9.618064138339832"
"heater-68","settlement","heater","20134","0","0","",""
"kettle-68","settlement","kettle","20135","0","0","",""
"civilian-68","settlement","civilian","30067","0","0","",""
"house-69","owner-house-69","house","10068","0","500","0","-9.620341074187309"
"heater-69","settlement","heater","20136","0","0","",""
"kettle-69","settlement","kettle","20137","0","0","",""
"civilian-69","settlement","civilian","30068","0","0","",""
"house-70","owner-house-70","house","10069","0","500","0","-9.943199442932382"
"heater-70","settlement","heater","20138","0","0","",""
"kettle-70","settlement","kettle","20139","0","0","",""
"civilian-70","settlement","civilian","30069","0","0","",""
"house-71","owner-house-71","house","10070","0","500","0","-9.612336886115372"
"heater-71","settlement","heater","20140","0","0","",""
"kettle-71","settlement","kettle","20141","0","0","",""
"civilian-71","settlement","civilian","30070","0","0","",""
"house-72","owner-house-72","house","10071","0","500","0","-9.312128050019965"
"heater-72","settlement","heater","20142","0","0","",""
"kettle-72","settlement","kettle","20143","0","0","",""
"civilian-72","settlement","civilian","30071","0","0","",""
"house-73","owner-house-73","house","10072","0","500","0","-9.59856086736545"
"heater-73","settlement","heater","20144","0","0","",""
"kettle-73","settlement","kettle","20145","0","0","",""
"civilian-73","settlement","civilian","30072","0","0","",""
"house-74","owner-house-74","house","10073","0","500","0","-9.703202641801909"
"heater-74","settlement","heater","20146","0","0","",""
"kettle-74","settlement","kettle","20147","0","0","",""
"civilian-74","settlement","civilian","30073","0","0","",""
"house-75","owner-house-75","house","10074","0","500","0","-9.556493002688512"
"heater-75","settlement","heater","20148","0","0","",""
"kettle-75","settlement","kettle","20149","0","0","",""
"civilian-75","settlement","civilian","30074","0","0","",""
"house-76","owner-house-76","house","10075","0","500","0","-9.931048559839837"
"heater-76","settlement","heater","20150","0","0","",""
"kettle-76","settlement","kettle","20151","0","0","",""
"civilian-76","settlement","civilian","30075","0","0","",""
"house-77","owner-house-77","house","10076","0","500","0","-9.820029953494668"
"heater-77","settlement","heater","20152","0","0","",""
"kettle-77","settlement","kettle","20153","0","0","",""
"civilian-77","settlement","civilian","30076","0","0","",""
"house-78","owner-house-78","house","10077","0","500","0","-10"
"heater-78","settlement","heater","20154","0","0","",""
"kettle-78","settlement","kettle","20155","0","0","",""
"civilian-78","settlement","civilian","30077","0","0","",""
"house-79","owner-house-79","house","10078","0","500","0","-9.8737951007206"
"heater-79","settlement","heater","20156","0","0","",""
"kettle-79","settlement","kettle","20157","0","0","",""
"civilian-79","settlement","civilian","30078","0","0","",""
"house-80","owner-house-80","house","10079","0","500","0","-9.912548268795945"
"heater-80","settlement","heater","20158","0","0","",""
"kettle-80","settlement","kettle","20159","0","0","",""
"civilian-80","settlement","civilian","30079","0","0","",""
"house-81","owner-house-81","house","10080","0","500","0","-9.951394987758249"
"heater-81","settlement","heater","20160","0","0","",""
"kettle-81","settlement","kettle","20161","0","0","",""
"civilian-81","settlement","civilian","30080","0","0","",""
"house-82","owner-house-82","house","10081","0","500","0","-9.648904548608698"
"heater-82","settlement","heater","20162","0","0","",""
"kettle-82","settlement","kettle","20163","0","0","",""
"civilian-82","settlement","civilian","30081","0","0","",""
"house-83","owner-house-83","house","10082","0","500","0","-9.395378094166517"
"heater-83","settlement","heater","20164","0","0","",""
"kettle-83","settlement","kettle","20165","0","0","",""
"civilian-83","settlement","civilian","30082","0","0","",""
"house-84","owner-house-84","house","10083","0","500","0","-9.92613331018947"
"heater-84","settlement","heater","20166","0","0","",""
"kettle-84","settlement","kettle","20167","0","0","",""
"civilian-84","settlement","civilian","30083","0","0","",""
"house-85","owner-house-85","house","10084","0","500","0","-9.540070300921798"
"heater-85","settlement","heater","20168","0","0","",""
"kettle-85","settlement","kettle","20169","0","0","",""
"civilian-85","settlement","civilian","30084","0","0","",""
"house-86","owner-house-86","house","10085","0","500","0","-9.894667127984576"
"heater-86","settlement","heater","20170","0","0","",""
"kettle-86","settlement","kettle","20171","0","0","",""
"civilian-86","settlement","civilian","30085","0","0","",""
"house-87","owner-house-87","house","10086","0","500","0","-9.575463515007868"
"heater-87","settlement","heater","20172","0","0","",""
"kettle-87","settlement","kettle","20173","0","0","",""
"civilian-87","settlement","civilian","30086","0","0","",""
"house-88","owner-house-88","house","10087","0","500","0","-9.437665498815477"
"heater-88","settlement","heater","20174","0","0","",""
"kettle-88","settlement","kettle","20175","0","0","",""
"civilian-88","settlement","civilian","30087","0","0","",""
"house-89","owner-house-89","house","10088","0","500","0","-9.821071507874876"
"heater-89","settlement","heater","20176","0","0","",""
"kettle-89","settlement","kettle","20177","0","0","",""
"civilian-89","settlement","civilian","30088","0","0","",""
"house-90","owner-house-90","house","10089","0","500","0","-9.760644349153154"
"heater-90","settlement","heater","20178","0","0","",""
"kettle-90","settlement","kettle","20179","0","0","",""
"civilian-90","settlement","civilian","30089","0","0","",""
"house-91","owner-house-91","house","10090","0","500","0","-9.95588436536491"
"heater-91","settlement","heater","20180","0","0","",""
"kettle-91","settlement","kettle","20181","0","0","",""
"civilian-91","settlement","civilian","30090","0","0","",""
"house-92","owner-house-92","house","10091","0","500","0","-9.73005041491706"
"heater-92","settlement","heater","20182","0","0","",""
"kettle-92","settlement","kettle","20183","0","0","",""
"civilian-92","settlement","civilian","30091","0","0","",""
"house-93","owner-house-93","house","10092","0","500","0","-10"
"heater-93","settlement","heater","20184","0","0","",""
"kettle-93","settlement","kettle","20185","0","0","",""
"civilian-93","settlement","civilian","30092","0","0","",""
"house-94","owner-house-94","house","10093","0","500","0","-10"
"heater-94","settlement","heater","20186","0","0","",""
"kettle-94","settlement","kettle","20187","0","0","",""
"civilian-94","settlement","civilian","30093","0","0","",""
"house-95","owner-house-95","house","10094","0","500","0","-9.797822137596086"
"heater-95","settlement","heater","20188","0","0","",""
"kettle-95","settlement","kettle","20189","0","0","",""
"civilian-95","settlement","civilian","30094","0","0","",""
"house-96","owner-house-96","house","10095","0","500","0","-9.76476462406572"
"heater-96","settlement","heater","20190","0","0","",""
"kettle-96","settlement","kettle","20191","0","0","",""
"civilian-96","settlement","civilian","30095","0","0","",""
"house-97","owner-house-97","house","10096","0","500","0","-9.474541341885924"
"heater-97","settlement","heater","20192","0","0","",""
"kettle-97","settlement","kettle","20193","0","0","",""
"civilian-97","settlement","civilian","30096","0","0","",""
"house-98","owner-house-98","house","10097","0","500","0","-9.85278041625861"
"heater-98","settlement","heater","20194","0","0","",""
"kettle-98","settlement","kettle","20195","0","0","",""
"civilian-98","settlement","civilian","30097","0","0","",""
"house-99","owner-house-99","house","10098","0","500","0","-9.511045516235754"
"heater-99","settlement","heater","20196","0","0","",""
"kettle-99","settlement","kettle","20197","0","0","",""
"civilian-99","settlement","civilian","30098","0","0","",""
"house-100","owner-house-100","house","10099","0","500","0","-9.302990899072029"
"heater-100","settlement","heater","20198","0","0","",""
"kettle-100","settlement","kettle","20199","0","0","",""
"civilian-100","settlement","civilian","30099","0","0","",""
"house-101","owner-house-101","house","10100","0","500","0","-9.887503636069596"
"heater-101","settlement","heater","20200","0","0","",""
"kettle-101","settlement","kettle","20201","0","0","",""
"civilian-101","settlement","civilian","30100","0","0","",""
"house-102","owner-house-102","house","10101","0","500","0","-8.941323912935331"
"heater-102","settlement","heater","20202","0","0","",""
"kettle-102","settlement","kettle","20203","0","0","",""
"civilian-102","settlement","civilian","30101","0","0","",""
"house-103","owner-house-103","house","10102","0","500","0","-9.345225148135796"
"heater-103","settlement","heater","20204","0","0","",""
"kettle-103","settlement","kettle","20205","0","0","",""
"civilian-103","settlement","civilian","30102","0","0","",""
"house-104","owner-house-104","house","10103","0","500","0","-9.775577745167539"
"heater-104","settlement","heater","20206","0","0","",""
"kettle-104","settlement","kettle","20207","0","0","",""
"civilian-104","settlement","civilian","30103","0","0","",""
"house-105","owner-house-105","house","10104","0","500","0","-9.673929775133729"
"heater-105","settlement","heater","20208","0","0","",""
"kettle-105","settlement","kettle","20209","0","0","",""
"civilian-105","settlement","civilian","30104","0","0","",""
"house-106","owner-house-106","house","10105","0","500","0","-9.738770638708957"
"heater-106","settlement","heater","20210","0","0","",""
"kettle-106","settlement","kettle","20211","0","0","",""
"civilian-106","settlement","civilian","30105","0","0","",""
"house-107","owner-house-107","house","10106","0","500","0","-9.77216923609376"
"heater-107","settlement","heater","20212","0","0","",""
"kettle-107","settlement","kettle","20213","0","0","",""
"civilian-107","settlement","civilian","30106","0","0","",""
"house-108","owner-house-108","house","10107","0","500","0","-9.921456666779704"
"heater-108","settlement","heater","20214","0","0","",""
"kettle-108","settlement","kettle","20215","0","0","",""
"civilian-108","settlement","civilian","30107","0","0","",""
"house-109","owner-house-109","house","10108","0","500","0","-10"
"heater-109","settlement","heater","20216","0","0","",""
"kettle-109","settlement","kettle","20217","0","0","",""
"civilian-109","settlement","civilian","30108","0","0","",""
"house-110","owner-house-110","house","10109","0","500","0","-9.898554662126116"
"heater-110","settlement","heater","20218","0","0","",""
"kettle-110","settlement","kettle","20219","0","0","",""
"civilian-110","settlement","civilian","30109","0","0","",""
"house-111","owner-house-111","house","10110","0","500","0","-9.712841287255287"
"heater-111","settlement","heater","20220","0","0","",""
"kettle-111","settlement","kettle","20221","0","0","",""
"civilian-111","settlement","civilian","30110","0","0","",""
"house-112","owner-house-112","house","10111","0","500","0","-9.8094859655248"
"heater-112","settlement","heater","20222","0","0","",""
"kettle-112","settlement","kettle","20223","0","0","",""
"civilian-112","settlement","civilian","30111","0","0","",""
"house-113","owner-house-113","house","10112","0","500","0","-9.89633697224781"
"heater-113","settlement","heater","20224","0","0","",""
"kettle-113","settlement","kettle","20225","0","0","",""
"civilian-113","settlement","civilian","30112","0","0","",""
"house-114","owner-house-114","house","10113","0","500","0","-9.824304234585725"
"heater-114","settlement","heater","20226","0","0","",""
"kettle-114","settlement","kettle","20227","0","0","",""
"civilian-114","settlement","civilian","30113","0","0","",""
"house-115","owner-house-115","house","10114","0","500","0","-10"
"heater-115","settlement","heater","20228","0","0","",""
"kettle-115","settlement","kettle","20229","0","0","",""
"civilian-115","settlement","civilian","30114","0","0","",""
"house-116","owner-house-116","house","10115","0","500","0","-9.896263552596793"
"heater-116","settlement","heater","20230","0","0","",""
"kettle-116","settlement","kettle","20231","0","0","",""
"civilian-116","settlement","civilian","30115","0","0","",""
"house-117","owner-house-117","house","10116","0","500","0","-10"
"heater-117","settlement","heater","20232","0","0","",""
"kettle-117","settlement","kettle","20233","0","0","",""
"civilian-117","settlement","civilian","30116","0","0","",""
"house-118","owner-house-118","house","10117","0","500","0","-9.895180461811833"
"heater-118","settlement","heater","20234","0","0","",""
"kettle-118","settlement","kettle","20235","0","0","",""
"civilian-118","settlement","civilian","30117","0","0","",""
"house-119","owner-house-119","house","10118","0","500","0","-10"
"heater-119","settlement","heater","20236","0","0","",""
"kettle-119","settlement","kettle","20237","0","0","",""
"civilian-119","settlement","civilian","30118","0","0","",""
"house-120","owner-house-120","house","10119","0","500","0","-9.299466682830825"
"heater-120","settlement","heater","20238","0","0","",""
"kettle-120","settlement","kettle","20239","0","0","",""
"civilian-120","settlement","civilian","30119","0","0","",""
"house-121","owner-house-121","house","10120","0","500","0","-10"
"heater-121","settlement","heater","20240","0","0","",""
"kettle-121","settlement","kettle","20241","0","0","",""
"civilian-121","settlement","civilian","30120","0","0","",""
"house-122","owner-house-122","house","10121","0","500","0","-9.93747550889384"
"heater-122","settlement","heater","20242","0","0","",""
"kettle-122","settlement","kettle","20243","0","0","",""
"civilian-122","settlement","civilian","30121","0","0","",""
"house-123","owner-house-123","house","10122","0","500","0","-10"
"heater-123","settlement","heater","20244","0","0","",""
"kettle-123","settlement","kettle","20245","0","0","",""
"civilian-123","settlement","civilian","30122","0","0","",""
"house-124","owner-house-124","house","10123","0","500","0","-9.58993890392594"
"heater-124","settlement","heater","20246","0","0","",""
"kettle-124","settlement","kettle","20247","0","0","",""
"civilian-124","settlement","civilian","30123","0","0","",""
"house-125","owner-house-125","house","10124","0","500","0","-9.800025447737426"
"heater-125","settlement","heater","20248","0","0","",""
"kettle-125","settlement","kettle","20249","0","0","",""
"civilian-125","settlement","civilian","30124","0","0","",""
"house-126","owner-house-126","house","10125","0","500","0","-9.232349795522168"
"heater-126","settlement","heater","20250","0","0","",""
"kettle-126","settlement","kettle","20251","0","0","",""
"civilian-126","settlement","civilian","30125","0","0","",""
"house-127","owner-house-127","house","10126","0","500","0","-9.230947899632156"
"heater-127","settlement","heater","20252","0","0","",""
"kettle-127","settlement","kettle","20253","0","0","",""
"civilian-127","settlement","civilian","30126","0","0","",""
"house-128","owner-house-128","house","10127","0","500","0","-9.753305780817755"
"heater-128","settlement","heater","20254","0","0","",""
"kettle-128","settlement","kettle","20255","0","0","",""
"civilian-128","settlement","civilian","30127","0","0","",""
"house-129","owner-house-129","house","10128","0","500","0","-9.424007708672434"
"heater-129","settlement","heater","20256","0","0","",""
"kettle-129","settlement","kettle","20257","0","0","",""
"civilian-129","settlement","civilian","30128","0","0","",""
"house-130","owner-house-130","house","10129","0","500","0","-9.984143337467685"
"heater-130","settlement","heater","20258","0","0","",""
"kettle-130","settlement","kettle","20259","0","0","",""
"civilian-130","settlement","civilian","30129","0","0","",""
"house-131","owner-house-131","house","10130","0","500","0","-9.716466063633561"
"heater-131","settlement","heater","20260","0","0","",""
"kettle-131","settlement","kettle","20261","0","0","",""
"civilian-131","settlement","civilian","30130","0","0","",""
"house-132","owner-house-132","house","10131","0","500","0","-9.398671311093494"
"heater-132","settlement","heater","20262","0","0","",""
"kettle-132","settlement","kettle","20263","0","0","",""
"civilian-132","settlement","civilian","30131","0","0","",""
"house-133","owner-house-133","house","10132","0","500","0","-9.196982210036367"
"heater-133","settlement","heater","20264","0","0","",""
"kettle-133","settlement","kettle","20265","0","0","",""
"civilian-133","settlement","civilian","30132","0","0","",""
"house-134","owner-house-134","house","10133","0","500","0","-9.579447790281847"
"heater-134","settlement","heater","20266","0","0","",""
"kettle-134","settlement","kettle","20267","0","0","",""
"civilian-134","settlement","civilian","30133","0","0","",""
"house-135","owner-house-135","house","10134","0","500","0","-9.223639336414635"
"heater-135","settlement","heater","20268","0","0","",""
"kettle-135","settlement","kettle","20269","0","0","",""
"civilian-135","settlement","civilian","30134","0","0","",""
"house-136","owner-house-136","house","10135","0","500","0","-9.716813455452211"
"heater-136","settlement","heater","20270","0","0","",""
"kettle-136","settlement","kettle","20271","0","0","",""
"civilian-136","settlement","civilian","30135","0","0","",""
"house-137","owner-house-137","house","10136","0","500","0","-9.611187346745282"
"heater-137","settlement","heater","20272","0","0","",""
"kettle-137","settlement","kettle","20273","0","0","",""
"civilian-137","settlement","civilian","30136","0","0","",""
"house-138","owner-house-138","house","10137","0","500","0","-9.898220515227877"
"heater-138","settlement","heater","20274","0","0","",""
"kettle-138","settlement","kettle","20275","0","0","",""
"civilian-138","settlement","civilian","30137","0","0","",""
"house-139","owner-house-139","house","10138","0","500","0","-9.58217635191977"
"heater-139","settlement","heater","20276","0","0","",""
"kettle-139","settlement","kettle","20277","0","0","",""
"civilian-139","settlement","civilian","30138","0","0","",""
"house-140","owner-house-140","house","10139","0","500","0","-9.561504816752858"
"heater-140","settlement","heater","20278","0","0","",""
"kettle-140","settlement","kettle","20279","0","0","",""
"civilian-140","settlement","civilian","30139","0","0","",""
"house-141","owner-house-141","house","10140","0","500","0","-9.745873358566314"
"heater-141","settlement","heater","20280","0","0","",""
"kettle-141","settlement","kettle","20281","0","0","",""
"civilian-141","settlement","civilian","30140","0","0","",""
"house-142","owner-house-142","house","10141","0","500","0","-9.993381367297843"
"heater-142","settlement","heater","20282","0","0","",""
"kettle-142","settlement","kettle","20283","0","0","",""
"civilian-142","settlement","civilian","30141","0","0","",""
"house-143","owner-house-143","house","10142","0","500","0","-10"
"heater-143","settlement","heater","20284","0","0","",""
"kettle-143","settlement","kettle","20285","0","0","",""
"civilian-143","settlement","civilian","30142","0","0","",""
"house-144","owner-house-144","house","10143","0","500","0","-9.863752407138236"
"heater-144","settlement","heater","20286","0","0","",""
"kettle-144","settlement","kettle","20287","0","0","",""
"civilian-144","settlement","civilian","30143","0","0","",""
"house-145","owner-house-145","house","10144","0","500","0","-9.510666287969798"
"heater-145","settlement","heater","20288","0","0","",""
"kettle-145","settlement","kettle","20289","0","0","",""
"civilian-145","settlement","civilian","30144","0","0","",""
"house-146","owner-house-146","house","10145","0","500","0","-9.663708091131411"
"heater-146","settlement","heater","20290","0","0","",""
"kettle-146","settlement","kettle","20291","0","0","",""
"civilian-146","settlement","civilian","30145","0","0","",""
"house-147","owner-house-147","house","10146","0","500","0","-9.103549215942621"
"heater-147","settlement","heater","20292","0","0","",""
"kettle-147","settlement","kettle","20293","0","0","",""
"civilian-147","settlement","civilian","30146","0","0","",""
"house-148","owner-house-148","house","10147","0","500","0","-9.920369185158052"
"heater-148","settlement","heater","20294","0","0","",""
"kettle-148","settlement","kettle","20295","0","0","",""
"civilian-148","settlement","civilian","30147","0","0","",""
"house-149","owner-house-149","house","10148","0","500","0","-10"
"heater-149","settlement","heater","20296","0","0","",""
"kettle-149","settlement","kettle","20297","0","0","",""
"civilian-149","settlement","civilian","30148","0","0","",""
"house-150","owner-house-150","house","10149","0","500","0","-9.597926760907285"
"heater-150","settlement","heater","20298","0","0","",""
"kettle-150","settlement","kettle","20299","0","0","",""
"civilian-150","settlement","civilian","30149","0","0","",""
"house-151","owner-house-151","house","10150","0","500","0","-9.740827350178733"
"heater-151","settlement","heater","20300","0","0","",""
"kettle-151","settlement","kettle","20301","0","0","",""
"civilian-151","settlement","civilian","30150","0","0","",""
"house-152","owner-house-152","house","10151","0","500","0","-10"
"heater-152","settlement","heater","20302","0","0","",""
"kettle-152","settlement","kettle","20303","0","0","",""
"civilian-152","settlement","civilian","30151","0","0","",""
"house-153","owner-house-153","house","10152","0","500","0","-9.802383169066161"
"heater-153","settlement","heater","20304","0","0","",""
"kettle-153","settlement","kettle","20305","0","0","",""
"civilian-153","settlement","civilian","30152","0","0","",""
"house-154","owner-house-154","house","10153","0","500","0","-9.758505359641276"
"heater-154","settlement","heater","20306","0","0","",""
"kettle-154","settlement","kettle","20307","0","0","",""
"civilian-154","settlement","civilian","30153","0","0","",""
"house-155","owner-house-155","house","10154","0","500","0","-9.46617434732616"
"heater-155","settlement","heater","20308","0","0","",""
"kettle-155","settlement","kettle","20309","0","0","",""
"civilian-155","settlement","civilian","30154","0","0","",""
"house-156","owner-house-156","house","10155","0","500","0","-9.576479877345264"
"heater-156","settlement","heater","20310","0","0","",""
"kettle-156","settlement","kettle","20311","0","0","",""
"civilian-156","settlement","civilian","30155","0","0","",""
"house-157","owner-house-157","house","10156","0","500","0","-10"
"heater-157","settlement","heater","20312","0","0","",""
"kettle-157","settlement","kettle","20313","0","0","",""
"civilian-157","settlement","civilian","30156","0","0","",""
"house-158","owner-house-158","house","10157","0","500","0","-9.251010944368318"
"heater-158","settlement","heater","20314","0","0","",""
"kettle-158","settlement","kettle","20315","0","0","",""
"civilian-158","settlement","civilian","30157","0","0","",""
"house-159","owner-house-159","house","10158","0","500","0","-9.80113259702921"
"heater-159","settlement","heater","20316","0","0","",""
"kettle-159","settlement","kettle","20317","0","0","",""
"civilian-159","settlement","civilian","30158","0","0","",""
"house-160","owner-house-160","house","10159","0","500","0","-9.893297988455743"
"heater-160","settlement","heater","20318","0","0","",""
"kettle-160","settlement","kettle","20319","0","0","",""
"civilian-160","settlement","civilian","30159","0","0","",""
"house-161","owner-house-161","house","10160","0","500","0","-9.519571512471884"
"heater-161","settlement","heater","20320","0","0","",""
"kettle-161","settlement","kettle","20321","0","0","",""
"civilian-161","settlement","civilian","30160","0","0","",""
"house-162","owner-house-162","house","10161","0","500","0","-9.38548429403454"
"heater-162","settlement","heater","20322","0","0","",""
"kettle-162","settlement","kettle","20323","0","0","",""
"civilian-162","settlement","civilian","30161","0","0","",""
"house-163","owner-house-163","house","10162","0","500","0","-10"
"heater-163","settlement","heater","20324","0","0","",""
"kettle-163","settlement","kettle","20325","0","0","",""
"civilian-163","settlement","civilian","30162","0","0","",""
"house-164","owner-house-164","house","10163","0","500","0","-9.41941166203469"
"heater-164","settlement","heater","20326","0","0","",""
"kettle-164","settlement","kettle","20327","0","0","",""
"civilian-164","settlement","civilian","30163","0","0","",""
"house-165","owner-house-165","house","10164","0","500","0","-9.289829996880144"
"heater-165","settlement","heater","20328","0","0","",""
"kettle-165","settlement","kettle","20329","0","0","",""
"civilian-165","settlement","civilian","30164","0","0","",""
"house-166","owner-house-166","house","10165","0","500","0","-9.745060731540434"
"heater-166","settlement","heater","20330","0","0","",""
"kettle-166","settlement","kettle","20331","0","0","",""
"civilian-166","settlement","civilian","30165","0","0","",""
"house-167","owner-house-167","house","10166","0","500","0","-9.464546089060605"
"heater-167","settlement","heater","20332","0","0","",""
"kettle-167","settlement","kettle","20333","0","0","",""
"civilian-167","settlement","civilian","30166","0","0","",""
"house-168","owner-house-168","house","10167","0","500","0","-10"
"heater-168","settlement","heater","20334","0","0","",""
"kettle-168","settlement","kettle","20335","0","0","",""
"civilian-168","settlement","civilian","30167","0","0","",""
"house-169","owner-house-169","house","10168","0","500","0","-9.356726978905499"
"heater-169","settlement","heater","20336","0","0","",""
"kettle-169","settlement","kettle","20337","0","0","",""
"civilian-169","settlement","civilian","30168","0","0","",""
"house-170","owner-house-170","house","10169","0","500","0","-9.546268460224383"
"heater-170","settlement","heater","20338","0","0","",""
"kettle-170","settlement","kettle","20339","0","0","",""
"civilian-170","settlement","civilian","30169","0","0","",""
"house-171","owner-house-171","house","10170","0","500","0","-9.747064772993326"
"heater-171","settlement","heater","20340","0","0","",""
"kettle-171","settlement","kettle","20341","0","0","",""
"civilian-171","settlement","civilian","30170","0","0","",""
"house-172","owner-house-172","house","10171","0","500","0","-9.25303488119971"
"heater-172","settlement","heater","20342","0","0","",""
"kettle-172","settlement","kettle","20343","0","0","",""
"civilian-172","settlement","civilian","30171","0","0","",""
"house-173","owner-house-173","house","10172","0","500","0","-9.50311745190993"
"heater-173","settlement","heater","20344","0","0","",""
"kettle-173","settlement","kettle","20345","0","0","",""
"civilian-173","settlement","civilian","30172","0","0","",""
"house-174","owner-house-174","house","10173","0","500","0","-9.79018451354932"
"heater-174","settlement","heater","20346","0","0","",""
"kettle-174","settlement","kettle","20347","0","0","",""
"civilian-174","settlement","civilian","30173","0","0","",""
"house-175","owner-house-175","house","10174","0","500","0","-9.880029662512243"
"heater-175","settlement","heater","20348","0","0","",""
"kettle-175","settlement","kettle","20349","0","0","",""
"civilian-175","settlement","civilian","30174","0","0","",""
"house-176","owner-house-176","house","10175","0","500","0","-9.825406093266793"
"heater-176","settlement","heater","20350","0","0","",""
"kettle-176","settlement","kettle","20351","0","0","",""
"civilian-176","settlement","civilian","30175","0","0","",""
"house-177","owner-house-177","house","10176","0","500","0","-9.410254103131592"
"heater-177","settlement","heater","20352","0","0","",""
"kettle-177","settlement","kettle","20353","0","0","",""
"civilian-177","settlement","civilian","30176","0","0","",""
"house-178","owner-house-178","house","10177","0","500","0","-9.704923363635316"
"heater-178","settlement","heater","20354","0","0","",""
"kettle-178","settlement","kettle","20355","0","0","",""
"civilian-178","settlement","civilian","30177","0","0","",""
"house-179","owner-house-179","house","10178","0","500","0","-9.810514561831951"
"heater-179","settlement","heater","20356","0","0","",""
"kettle-179","settlement","kettle","20357","0","0","",""
"civilian-179","settlement","civilian","30178","0","0","",""
"house-180","owner-house-180","house","10179","0","500","0","-10"
"heater-180","settlement","heater","20358","0","0","",""
"kettle-180","settlement","kettle","20359","0","0","",""
"civilian-180","settlement","civilian","30179","0","0","",""
"house-181","owner-house-181","house","10180","0","500","0","-9.939358831383288"
"heater-181","settlement","heater","20360","0","0","",""
"kettle-181","settlement","kettle","20361","0","0","",""
"civilian-181","settlement","civilian","30180","0","0","",""
"house-182","owner-house-182","house","10181","0","500","0","-9.61860414664261"
"heater-182","settlement","heater","20362","0","0","",""
"kettle-182","settlement","kettle","20363","0","0","",""
"civilian-182","settlement","civilian","30181","0","0","",""
"house-183","owner-house-183","house","10182","0","500","0","-9.889453911222517"
"heater-183","settlement","heater","20364","0","0","",""
"kettle-183","settlement","kettle","20365","0","0","",""
"civilian-183","settlement","civilian","30182","0","0","",""
"house-184","owner-house-184","house","10183","0","500","0","-9.860077630146407"
"heater-184","settlement","heater","20366","0","0","",""
"kettle-184","settlement","kettle","20367","0","0","",""
"civilian-184","settlement","civilian","30183","0","0","",""
"house-185","owner-house-185","house","10184","0","500","0","-9.509846666362137"
"heater-185","settlement","heater","20368","0","0","",""
"kettle-185","settlement","kettle","20369","0","0","",""
"civilian-185","settlement","civilian","30184","0","0","",""
"house-186","owner-house-186","house","10185","0","500","0","-9.60164091119077"
"heater-186","settlement","heater","20370","0","0","",""
"kettle-186","settlement","kettle","20371","0","0","",""
"civilian-186","settlement","civilian","30185","0","0","",""
"house-187","owner-house-187","house","10186","0","500","0","-9.919109961017966"
"heater-187","settlement","heater","20372","0","0","",""
"kettle-187","settlement","kettle","20373","0","0","",""
"civilian-187","settlement","civilian","30186","0","0","",""
"house-188","owner-house-188","house","10187","0","500","0","-10"
"heater-188","settlement","heater","20374","0","0","",""
"kettle-188","settlement","kettle","20375","0","0","",""
"civilian-188","settlement","civilian","30187","0","0","",""
"house-189","owner-house-189","house","10188","0","500","0","-9.975810336414725"
"heater-189","settlement","heater","20376","0","0","",""
"kettle-189","settlement","kettle","20377","0","0","",""
"civilian-189","settlement","civilian","30188","0","0","",""
"house-190","owner-house-190","house","10189","0","500","0","-9.926070287940092"
"heater-190","settlement","heater","20378","0","0","",""
"kettle-190","settlement","kettle","20379","0","0","",""
"civilian-190","settlement","civilian","30189","0","0","",""
"house-191","owner-house-191","house","10190","0","500","0","-9.35241937940009"
"heater-191","settlement","heater","20380","0","0","",""
"kettle-191","settlement","kettle","20381","0","0","",""
"civilian-191","settlement","civilian","30190","0","0","",""
"house-192","owner-house-192","house","10191","0","500","0","-9.249642535112798"
"heater-192","settlement","heater","20382","0","0","",""
"kettle-192","settlement","kettle","20383","0","0","",""
"civilian-192","settlement","civilian","30191","0","0","",""
"house-193","owner-house-193","house","10192","0","500","0","-9.689189775846899"
"heater-193","settlement","heater","20384","0","0","",""
"kettle-193","settlement","kettle","20385","0","0","",""
"civilian-193","settlement","civilian","30192","0","0","",""
"house-194","owner-house-194","house","10193","0","500","0","-8.972078418591991"
"heater-194","settlement","heater","20386","0","0","",""
"kettle-194","settlement","kettle","20387","0","0","",""
"civilian-194","settlement","civilian","30193","0","0","",""
"house-195","owner-house-195","house","10194","0","500","0","-9.374554719775915"
"heater-195","settlement","heater","20388","0","0","",""
"kettle-195","settlement","kettle","20389","0","0","",""
"civilian-195","settlement","civilian","30194","0","0","",""
"house-196","owner-house-196","house","10195","0","500","0","-9.535480361781083"
"heater-196","settlement","heater","20390","0","0","",""
"kettle-196","settlement","kettle","20391","0","0","",""
"civilian-196","settlement","civilian","30195","0","0","",""
"house-197","owner-house-197","house","10196","0","500","0","-9.746915149502456"
"heater-197","settlement","heater","20392","0","0","",""
"kettle-197","settlement","kettle","20393","0","0","",""
"civilian-197","settlement","civilian","30196","0","0","",""
"house-198","owner-house-198","house","10197","0","500","0","-9.228232204215601"
"heater-198","settlement","heater","20394","0","0","",""
"kettle-198","settlement","kettle","20395","0","0","",""
"civilian-198","settlement","civilian","30197","0","0","",""
"house-199","owner-house-199","house","10198","0","500","0","-9.494568078080192"
"heater-199","settlement","heater","20396","0","0","",""
"kettle-199","settlement","kettle","20397","0","0","",""
"civilian-199","settlement","civilian","30198","0","0","",""
"house-200","owner-house-200","house","10199","0","500","0","-9.441182503127493"
"heater-200","settlement","heater","20398","0","0","",""
"kettle-200","settlement","kettle","20399","0","0","",""
"civilian-200","settlement","civilian","30199","0","0","",""
"house-201","owner-house-201","house","10200","0","500","0","-9.705608801916242"
"heater-201","settlement","heater","20400","0","0","",""
"kettle-201","settlement","kettle","20401","0","0","",""
"civilian-201","settlement","civilian","30200","0","0","",""
"house-202","owner-house-202","house","10201","0","500","0","-9.547001905972138"
"heater-202","settlement","heater","20402","0","0","",""
"kettle-202","settlement","kettle","20403","0","0","",""
"civilian-202","settlement","civilian","30201","0","0","",""
"house-203","owner-house-203","house","10202","0","500","0","-10"
"heater-203","settlement","heater","20404","0","0","",""
"kettle-203","settlement","kettle","20405","0","0","",""
"civilian-203","settlement","civilian","30202","0","0","",""
"house-204","owner-house-204","house","10203","0","500","0","-9.511543975677341"
"heater-204","settlement","heater","20406","0","0","",""
"kettle-204","settlement","kettle","20407","0","0","",""
"civilian-204","settlement","civilian","30203","0","0","",""
"house-205","owner-house-205","house","10204","0","500","0","-9.842394377104938"
"heater-205","settlement","heater","20408","0","0","",""
"kettle-205","settlement","kettle","20409","0","0","",""
"civilian-205","settlement","civilian","30204","0","0","",""
"house-206","owner-house-206","house","10205","0","500","0","-10"
"heater-206","settlement","heater","20410","0","0","",""
"kettle-206","settlement","kettle","20411","0","0","",""
"civilian-206","settlement","civilian","30205","0","0","",""
"house-207","owner-house-207","house","10206","0","500","0","-9.255544445477426"
"heater-207","settlement","heater","20412","0","0","",""
"kettle-207","settlement","kettle","20413","0","0","",""
"civilian-207","settlement","civilian","30206","0","0","",""
"house-208","owner-house-208","house","10207","0","500","0","-9.783876382512972"
"heater-208","settlement","heater","20414","0","0","",""
"kettle-208","settlement","kettle","20415","0","0","",""
"civilian-208","settlement","civilian","30207","0","0","",""
"house-209","owner-house-209","house","10208","0","500","0","-10"
"heater-209","settlement","heater","20416","0","0","",""
"kettle-209","settlement","kettle","20417","0","0","",""
"civilian-209","settlement","civilian","30208","0","0","",""
"house-210","owner-house-210","house","10209","0","500","0","-9.993252706248313"
"heater-210","settlement","heater","20418","0","0","",""
"kettle-210","settlement","kettle","20419","0","0","",""
"civilian-210","settlement","civilian","30209","0","0","",""
"house-211","owner-house-211","house","10210","0","500","0","-9.845239536836743"
"heater-211","settlement","heater","20420","0","0","",""
"kettle-211","settlement","kettle","20421","0","0","",""
"civilian-211","settlement","civilian","30210","0","0","",""
"house-212","owner-house-212","house","10211","0","500","0","-9.115547856898047"
"heater-212","settlement","heater","20422","0","0","",""
"kettle-212","settlement","kettle","20423","0","0","",""
"civilian-212","settlement","civilian","30211","0","0","",""
"house-213","owner-house-213","house","10212","0","500","0","-10"
"heater-213","settlement","heater","20424","0","0","",""
"kettle-213","settlement","kettle","20425","0","0","",""
"civilian-213","settlement","civilian","30212","0","0","",""
"house-214","owner-house-214","house","10213","0","500","0","-9.319261076743715"
"heater-214","settlement","heater","20426","0","0","",""
"kettle-214","settlement","kettle","20427","0","0","",""
"civilian-214","settlement","civilian","30213","0","0","",""
"house-215","owner-house-215","house","10214","0","500","0","-10"
"heater-215","settlement","heater","20428","0","0","",""
"kettle-215","settlement","kettle","20429","0","0","",""
"civilian-215","settlement","civilian","30214","0","0","",""
"house-216","owner-house-216","house","10215","0","500","0","-9.693575060926378"
"heater-216","settlement","heater","20430","0","0","",""
"kettle-216","settlement","kettle","20431","0","0","",""
"civilian-216","settlement","civilian","30215","0","0","",""
"house-217","owner-house-217","house","10216","0","500","0","-9.978416084777564"
"heater-217","settlement","heater","20432","0","0","",""
"kettle-217","settlement","kettle","20433","0","0","",""
"civilian-217","settlement","civilian","30216","0","0","",""
"house-218","owner-house-218","house","10217","0","500","0","-9.961358979111537"
"heater-218","settlement","heater","20434","0","0","",""
"kettle-218","settlement","kettle","20435","0","0","",""
"civilian-218","settlement","civilian","30217","0","0","",""
"house-219","owner-house-219","house","10218","0","500","0","-9.789876041933894"
"heater-219","settlement","heater","20436","0","0","",""
"kettle-219","settlement","kettle","20437","0","0","",""
"civilian-219","settlement","civilian","30218","0","0","",""
"house-220","owner-house-220","house","10219","0","500","0","-9.864156946307048"
"heater-220","settlement","heater","20438","0","0","",""
"kettle-220","settlement","kettle","20439","0","0","",""
"civilian-220","settlement","civilian","30219","0","0","",""
"house-221","owner-house-221","house","10220","0","500","0","-9.555872870609164"
"heater-221","settlement","heater","20440","0","0","",""
"kettle-221","settlement","kettle","20441","0","0","",""
"civilian-221","settlement","civilian","30220","0","0","",""
"house-222","owner-house-222","house","10221","0","500","0","-9.827443120069802"
"heater-222","settlement","heater","20442","0","0","",""
"kettle-222","settlement","kettle","20443","0","0","",""
"civilian-222","settlement","civilian","30221","0","0","",""
"house-223","owner-house-223","house","10222","0","500","0","-9.56682490487583"
"heater-223","settlement","heater","20444","0","0","",""
"kettle-223","settlement","kettle","20445","0","0","",""
"civilian-223","settlement","civilian","30222","0","0","",""
"house-224","owner-house-224","house","10223","0","500","0","-10"
"heater-224","settlement","heater","20446","0","0","",""
"kettle-224","settlement","kettle","20447","0","0","",""
"civilian-224","settlement","civilian","30223","0","0","",""
"house-225","owner-house-225","house","10224","0","500","0","-9.815452770795673"
"heater-225","settlement","heater","20448","0","0","",""
"kettle-225","settlement","kettle","20449","0","0","",""
"civilian-225","settlement","civilian","30224","0","0","",""
"house-226","owner-house-226","house","10225","0","500","0","-9.475885095191188"
"heater-226","settlement","heater","20450","0","0","",""
"kettle-226","settlement","kettle","20451","0","0","",""
"civilian-226","settlement","civilian","30225","0","0","",""
"house-227","owner-house-227","house","10226","0","500","0","-9.573303625686094"
"heater-227","settlement","heater","20452","0","0","",""
"kettle-227","settlement","kettle","20453","0","0","",""
"civilian-227","settlement","civilian","30226","0","0","",""
"house-228","owner-house-228","house","10227","0","500","0","-9.933030609739944"
"heater-228","settlement","heater","20454","0","0","",""
"kettle-228","settlement","kettle","20455","0","0","",""
"civilian-228","settlement","civilian","30227","0","0","",""
"house-229","owner-house-229","house","10228","0","500","0","-10"
"heater-229","settlement","heater","20456","0","0","",""
"kettle-229","settlement","kettle","20457","0","0","",""
"civilian-229","settlement","civilian","30228","0","0","",""
"house-230","owner-house-230","house","10229","0","500","0","-9.671814717003144"
"heater-230","settlement","heater","20458","0","0","",""
"kettle-230","settlement","kettle","20459","0","0","",""
"civilian-230","settlement","civilian","30229","0","0","",""
"house-231","owner-house-231","house","10230","0","500","0","-10"
"heater-231","settlement","heater","20460","0","0","",""
"kettle-231","settlement","kettle","20461","0","0","",""
"civilian-231","settlement","civilian","30230","0","0","",""
"house-232","owner-house-232","house","10231","0","500","0","-9.592456897487864"
"heater-232","settlement","heater","20462","0","0","",""
"kettle-232","settlement","kettle","20463","0","0","",""
"civilian-232","settlement","civilian","30231","0","0","",""
"house-233","owner-house-233","house","10232","0","500","0","-9.224646226037294"
"heater-233","settlement","heater","20464","0","0","",""
"kettle-233","settlement","kettle","20465","0","0","",""
"civilian-233","settlement","civilian","30232","0","0","",""
"house-234","owner-house-234","house","10233","0","500","0","-9.88539010740351"
"heater-234","settlement","heater","20466","0","0","",""
"kettle-234","settlement","kettle","20467","0","0","",""
"civilian-234","settlement","civilian","30233","0","0","",""
"house-235","owner-house-235","house","10234","0","500","0","-9.776058469666168"
"heater-235","settlement","heater","20468","0","0","",""
"kettle-235","settlement","kettle","20469","0","0","",""
"civilian-235","settlement","civilian","30234","0","0","",""
"house-236","owner-house-236","house","10235","0","500","0","-9.8247202669736"
"heater-236","settlement","heater","20470","0","0","",""
"kettle-236","settlement","kettle","20471","0","0","",""
"civilian-236","settlement","civilian","30235","0","0","",""
"house-237","owner-house-237","house","10236","0","500","0","-9.160040378570557"
"heater-237","settlement","heater","20472","0","0","",""
"kettle-237","settlement","kettle","20473","0","0","",""
"civilian-237","settlement","civilian","30236","0","0","",""
"house-238","owner-house-238","house","10237","0","500","0","-10"
"heater-238","settlement","heater","20474","0","0","",""
"kettle-238","settlement","kettle","20475","0","0","",""
"civilian-238","settlement","civilian","30237","0","0","",""
"house-239","owner-house-239","house","10238","0","500","0","-10"
"heater-239","settlement","heater","20476","0","0","",""
"kettle-239","settlement","kettle","20477","0","0","",""
"civilian-239","settlement","civilian","30238","0","0","",""
"house-240","owner-house-240","house","10239","0","500","0","-9.605623050243594"
"heater-240","settlement","heater","20478","0","0","",""
"kettle-240","settlement","kettle","20479","0","0","",""
"civilian-240","settlement","civilian","30239","0","0","",""
"house-241","owner-house-241","house","10240","0","500","0","-9.76635886868462"
"heater-241","settlement","heater","20480","0","0","",""
"kettle-241","settlement","kettle","20481","0","0","",""
"civilian-241","settlement","civilian","30240","0","0","",""
"house-242","owner-house-242","house","10241","0","500","0","-8.801812734804116"
"heater-242","settlement","heater","20482","0","0","",""
"kettle-242","settlement","kettle","20483","0","0","",""
"civilian-242","settlement","civilian","30241","0","0","",""
"house-243","owner-house-243","house","10242","0","500","0","-9.555409636348486"
"heater-243","settlement","heater","20484","0","0","",""
"kettle-243","settlement","kettle","20485","0","0","",""
"civilian-243","settlement","civilian","30242","0","0","",""
"house-244","owner-house-244","house","10243","0","500","0","-9.523394158459269"
"heater-244","settlement","heater","20486","0","0","",""
"kettle-244","settlement","kettle","20487","0","0","",""
"civilian-244","settlement","civilian","30243","0","0","",""
"house-245","owner-house-245","house","10244","0","500","0","-9.975636674556881"
"heater-245","settlement","heater","20488","0","0","",""
"kettle-245","settlement","kettle","20489","0","0","",""
"civilian-245","settlement","civilian","30244","0","0","",""
"house-246","owner-house-246","house","10245","0","500","0","-9.570500505738892"
"heater-246","settlement","heater","20490","0","0","",""
"kettle-246","settlement","kettle","20491","0","0","",""
"civilian-246","settlement","civilian","30245","0","0","",""
"house-247","owner-house-247","house","10246","0","500","0","-9.499405939131975"
"heater-247","settlement","heater","20492","0","0","",""
"kettle-247","settlement","kettle","20493","0","0","",""
"civilian-247","settlement","civilian","30246","0","0","",""
"house-248","owner-house-248","house","10247","0","500","0","-9.799478342873044"
"heater-248","settlement","heater","20494","0","0","",""
"kettle-248","settlement","kettle","20495","0","0","",""
"civilian-248","settlement","civilian","30247","0","0","",""
"house-249","owner-house-249","house","10248","0","500","0","-10"
"heater-249","settlement","heater","20496","0","0","",""
"kettle-249","settlement","kettle","20497","0","0","",""
"civilian-249","settlement","civilian","30248","0","0","",""
"house-250","owner-house-250","house","10249","0","500","0","-9.947829362587072"
"heater-250","settlement","heater","20498","0","0","",""
"kettle-250","settlement","kettle","20499","0","0","",""
"civilian-250","settlement","civilian","30249","0","0","",""
"house-251","owner-house-251","house","10250","0","500","0","-9.981515178456903"
"heater-251","settlement","heater","20500","0","0","",""
"kettle-251","settlement","kettle","20501","0","0","",""
"civilian-251","settlement","civilian","30250","0","0","",""
"house-252","owner-house-252","house","10251","0","500","0","-9.821980054257438"
"heater-252","settlement","heater","20502","0","0","",""
"kettle-252","settlement","kettle","20503","0","0","",""
"civilian-252","settlement","civilian","30251","0","0","",""
"house-253","owner-house-253","house","10252","0","500","0","-9.802841573953629"
"heater-253","settlement","heater","20504","0","0","",""
"kettle-253","settlement","kettle","20505","0","0","",""
"civilian-253","settlement","civilian","30252","0","0","",""
"house-254","owner-house-254","house","10253","0","500","0","-9.699775226647034"
"heater-254","settlement","heater","20506","0","0","",""
"kettle-254","settlement","kettle","20507","0","0","",""
"civilian-254","settlement","civilian","30253","0","0","",""
"house-255","owner-house-255","house","10254","0","500","0","-9.935944758355618"
"heater-255","settlement","heater","20508","0","0","",""
"kettle-255","settlement","kettle","20509","0","0","",""
"civilian-255","settlement","civilian","30254","0","0","",""
"house-256","owner-house-256","house","10255","0","500","0","-10"
"heater-256","settlement","heater","20510","0","0","",""
"kettle-256","settlement","kettle","20511","0","0","",""
"civilian-256","settlement","civilian","30255","0","0","",""
"house-257","owner-house-257","house","10256","0","500","0","-9.523694950621575"
"heater-257","settlement","heater","20512","0","0","",""
"kettle-257","settlement","kettle","20513","0","0","",""
"civilian-257","settlement","civilian","30256","0","0","",""
"house-258","owner-house-258","house","10257","0","500","0","-9.497601553681307"
"heater-258","settlement","heater","20514","0","0","",""
"kettle-258","settlement","kettle","20515","0","0","",""
"civilian-258","settlement","civilian","30257","0","0","",""
"house-259","owner-house-259","house","10258","0","500","0","-9.847914784913883"
"heater-259","settlement","heater","20516","0","0","",""
"kettle-259","settlement","kettle","20517","0","0","",""
"civilian-259","settlement","civilian","30258","0","0","",""
"house-260","owner-house-260","house","10259","0","500","0","-9.497473542694934"
"heater-260","settlement","heater","20518","0","0","",""
"kettle-260","settlement","kettle","20519","0","0","",""
"civilian-260","settlement","civilian","30259","0","0","",""
"house-261","owner-house-261","house","10260","0","500","0","-9.50543951522559"
"heater-261","settlement","heater","20520","0","0","",""
"kettle-261","settlement","kettle","20521","0","0","",""
"civilian-261","settlement","civilian","30260","0","0","",""
"house-262","owner-house-262","house","10261","0","500","0","-9.982618882553652"
"heater-262","settlement","heater","20522","0","0","",""
"kettle-262","settlement","kettle","20523","0","0","",""
"civilian-262","settlement","civilian","30261","0","0","",""
"house-263","owner-house-263","house","10262","0","500","0","-9.025456425733864"
"heater-263","settlement","heater","20524","0","0","",""
"kettle-263","settlement","kettle","20525","0","0","",""
"civilian-263","settlement","civilian","30262","0","0","",""
"house-264","owner-house-264","house","10263","0","500","0","-9.750156908063218"
"heater-264","settlement","heater","20526","0","0","",""
"kettle-264","settlement","kettle","20527","0","0","",""
"civilian-264","settlement","civilian","30263","0","0","",""
"house-265","owner-house-265","house","10264","0","500","0","-8.651797217782587"
"heater-265","settlement","heater","20528","0","0","",""
"kettle-265","settlement","kettle","20529","0","0","",""
"civilian-265","settlement","civilian","30264","0","0","",""
"house-266","owner-house-266","house","10265","0","500","0","-10"
"heater-266","settlement","heater","20530","0","0","",""
"kettle-266","settlement","kettle","20531","0","0","",""
"civilian-266","settlement","civilian","30265","0","0","",""
"house-267","owner-house-267","house","10266","0","500","0","-9.943231398239732"
"heater-267","settlement","heater","20532","0","0","",""
"kettle-267","settlement","kettle","20533","0","0","",""
"civilian-267","settlement","civilian","30266","0","0","",""
"house-268","owner-house-268","house","10267","0","500","0","-9.10295377788134"
"heater-268","settlement","heater","20534","0","0","",""
"kettle-268","settlement","kettle","20535","0","0","",""
"civilian-268","settlement","civilian","30267","0","0","",""
"house-269","owner-house-269","house","10268","0","500","0","-9.88143854867667"
"heater-269","settlement","heater","20536","0","0","",""
"kettle-269","settlement","kettle","20537","0","0","",""
"civilian-269","settlement","civilian","30268","0","0","",""
"house-270","owner-house-270","house","10269","0","500","0","-9.836908714147285"
"heater-270","settlement","heater","20538","0","0","",""
"kettle-270","settlement","kettle","20539","0","0","",""
"civilian-270","settlement","civilian","30269","0","0","",""
"house-271","owner-house-271","house","10270","0","500","0","-10"
"heater-271","settlement","heater","20540","0","0","",""
"kettle-271","settlement","kettle","20541","0","0","",""
"civilian-271","settlement","civilian","30270","0","0","",""
"house-272","owner-house-272","house","10271","0","500","0","-10"
"heater-272","settlement","heater","20542","0","0","",""
"kettle-272","settlement","kettle","20543","0","0","",""
"civilian-272","settlement","civilian","30271","0","0","",""
"house-273","owner-house-273","house","10272","0","500","0","-9.841378599405289"
"heater-273","settlement","heater","20544","0","0","",""
"kettle-273","settlement","kettle","20545","0","0","",""
"civilian-273","settlement","civilian","30272","0","0","",""
"house-274","owner-house-274","house","10273","0","500","0","-9.222162559977733"
"heater-274","settlement","heater","20546","0","0","",""
"kettle-274","settlement","kettle","20547","0","0","",""
"civilian-274","settlement","civilian","30273","0","0","",""
"house-275","owner-house-275","house","10274","0","500","0","-10"
"heater-275","settlement","heater","20548","0","0","",""
"kettle-275","settlement","kettle","20549","0","0","",""
"civilian-275","settlement","civilian","30274","0","0","",""
"house-276","owner-house-276","house","10275","0","500","0","-9.27624397049658"
"heater-276","settlement","heater","20550","0","0","",""
"kettle-276","settlement","kettle","20551","0","0","",""
"civilian-276","settlement","civilian","30275","0","0","",""
"house-277","owner-house-277","house","10276","0","500","0","-9.491898959502578"
"heater-277","settlement","heater","20552","0","0","",""
"kettle-277","settlement","kettle","20553","0","0","",""
"civilian-277","settlement","civilian","30276","0","0","",""
"house-278","owner-house-278","house","10277","0","500","0","-9.207788842963055"
"heater-278","settlement","heater","20554","0","0","",""
"kettle-278","settlement","kettle","20555","0","0","",""
"civilian-278","settlement","civilian","30277","0","0","",""
"house-279","owner-house-279","house","10278","0","500","0","-9.853090012678877"
"heater-279","settlement","heater","20556","0","0","",""
"kettle-279","settlement","kettle","20557","0","0","",""
"civilian-279","settlement","civilian","30278","0","0","",""
"house-280","owner-house-280","house","10279","0","500","0","-9.930977284442633"
"heater-280","settlement","heater","20558","0","0","",""
"kettle-280","settlement","kettle","20559","0","0","",""
"civilian-280","settlement","civilian","30279","0","0","",""
"house-281","owner-house-281","house","10280","0","500","0","-9.11968863941729"
"heater-281","settlement","heater","20560","0","0","",""
"kettle-281","settlement","kettle","20561","0","0","",""
"civilian-281","settlement","civilian","30280","0","0","",""
"house-282","owner-house-282","house","10281","0","500","0","-10"
"heater-282","settlement","heater","20562","0","0","",""
"kettle-282","settlement","kettle","20563","0","0","",""
"civilian-282","settlement","civilian","30281","0","0","",""
"house-283","owner-house-283","house","10282","0","500","0","-10"
"heater-283","settlement","heater","20564","0","0","",""
"kettle-283","settlement","kettle","20565","0","0","",""
"civilian-283","settlement","civilian","30282","0","0","",""
"house-284","owner-house-284","house","10283","0","500","0","-10"
"heater-284","settlement","heater","20566","0","0","",""
"kettle-284","settlement","kettle","20567","0","0","",""
"civilian-284","settlement","civilian","30283","0","0","",""
"house-285","owner-house-285","house","10284","0","500","0","-9.779925695154816"
"heater-285","settlement","heater","20568","0","0","",""
"kettle-285","settlement","kettle","20569","0","0","",""
"civilian-285","settlement","civilian","30284","0","0","",""
"house-286","owner-house-286","house","10285","0","500","0","-9.487411317415535"
"heater-286","settlement","heater","20570","0","0","",""
"kettle-286","settlement","kettle","20571","0","0","",""
"civilian-286","settlement","civilian","30285","0","0","",""
"house-287","owner-house-287","house","10286","0","500","0","-9.930844761431217"
"heater-287","settlement","heater","20572","0","0","",""
"kettle-287","settlement","kettle","20573","0","0","",""
"civilian-287","settlement","civilian","30286","0","0","",""
"house-288","owner-house-288","house","10287","0","500","0","-9.573712194454856"
"heater-288","settlement","heater","20574","0","0","",""
"kettle-288","settlement","kettle","20575","0","0","",""
"civilian-288","settlement","civilian","30287","0","0","",""
"house-289","owner-house-289","house","10288","0","500","0","-9.309679107740521"
"heater-289","settlement","heater","20576","0","0","",""
"kettle-289","settlement","kettle","20577","0","0","",""
"civilian-289","settlement","civilian","30288","0","0","",""
"house-290","owner-house-290","house","10289","0","500","0","-10"
"heater-290","settlement","heater","20578","0","0","",""
"kettle-290","settlement","kettle","20579","0","0","",""
"civilian-290","settlement","civilian","30289","0","0","",""
"house-291","owner-house-291","house","10290","0","500","0","-10"
"heater-291","settlement","heater","20580","0","0","",""
"kettle-291","settlement","kettle","20581","0","0","",""
"civilian-291","settlement","civilian","30290","0","0","",""
"house-292","owner-house-292","house","10291","0","500","0","-9.191691775573418"
"heater-292","settlement","heater","20582","0","0","",""
"kettle-292","settlement","kettle","20583","0","0","",""
"civilian-292","settlement","civilian","30291","0","0","",""
"house-293","owner-house-293","house","10292","0","500","0","-9.90034800535068"
"heater-293","settlement","heater","20584","0","0","",""
"kettle-293","settlement","kettle","20585","0","0","",""
"civilian-293","settlement","civilian","30292","0","0","",""
"house-294","owner-house-294","house","10293","0","500","0","-9.476377014419995"
"heater-294","settlement","heater","20586","0","0","",""
"kettle-294","settlement","kettle","20587","0","0","",""
"civilian-294","settlement","civilian","30293","0","0","",""
"house-295","owner-house-295","house","10294","0","500","0","-9.914710712619126"
"heater-295","settlement","heater","20588","0","0","",""
"kettle-295","settlement","kettle","20589","0","0","",""
"civilian-295","settlement","civilian","30294","0","0","",""
"house-296","owner-house-296","house","10295","0","500","0","-9.105528568616137"
"heater-296","settlement","heater","20590","0","0","",""
"kettle-296","settlement","kettle","20591","0","0","",""
"civilian-296","settlement","civilian","30295","0","0","",""
"house-297","owner-house-297","house","10296","0","500","0","-10"
"heater-297","settlement","heater","20592","0","0","",""
"kettle-297","settlement","kettle","20593","0","0","",""
"civilian-297","settlement","civilian","30296","0","0","",""
"house-298","owner-house-298","house","10297","0","500","0","-9.77965925366152"
"heater-298","settlement","heater","20594","0","0","",""
"kettle-298","settlement","kettle","20595","0","0","",""
"civilian-298","settlement","civilian","30297","0","0","",""
"house-299","owner-house-299","house","10298","0","500","0","-9.679403742775321"
"heater-299","settlement","heater","20596","0","0","",""
"kettle-299","settlement","kettle","20597","0","0","",""
"civilian-299","settlement","civilian","30298","0","0","",""
"house-300","owner-house-300","house","10299","0","500","0","-9.70273516268935"
"heater-300","settlement","heater","20598","0","0","",""
"kettle-300","settlement","kettle","20599","0","0","",""
"civilian-300","settlement","civilian","30299","0","0","",""
"xenomorph-1","settlement","xenomorph","40000","0","0","",""
"xenomorph-2","settlement","xenomorph","40001","0","0","",""
"xenomorph-3","settlement","xenomorph","40002","0","0","",""
"xenomorph-4","settlement","xenomorph","40003","0","0","",""
"xenomorph-5","settlement","xenomorph","40004","0","0","",""
"xenomorph-6","settlement","xenomorph","40005","0","0","",""
"xenomorph-7","settlement","xenomorph","40006","0","0","",""
"xenomorph-8","settlement","xenomorph","40007","0","0","",""
"power-1","settlement","power_node","90001","0","0","",""
"power-2","settlement","power_node","90002","0","0","",""